hr_id,first_name,last_name,phone_number,years_experience,hospital_branch,email,password
HR001,Sarah,Young,2047527019,20,South Medical,hr.sarah.young@hospital.com,RsnVvOACIz
HR002,Gary,Wright,5792882438,10,South Medical,hr.gary.wright@hospital.com,FMYOXgvjzB
HR003,Michelle,Robinson,3777163490,2,Westside Clinic,hr.michelle.robinson@hospital.com,f3b6L0OFcY
HR004,Sarah,Clark,7207407361,18,Central Hospital,hr.sarah.clark@hospital.com,YfLKJmARRm
HR005,Jason,Walker,4697823915,1,Eastside Clinic,hr.jason.walker@hospital.com,DunD18rtw7
HR006,Kevin,Walker,1593303440,7,Central Hospital,hr.kevin.walker@hospital.com,l89hExf6oQ
HR007,Jessica,Young,8972407617,18,Eastside Clinic,hr.jessica.young@hospital.com,HQe0e7Ixkm
HR008,Michelle,Robinson,6681760818,7,North Pharmacy,hr.michelle.robinson@hospital.com,EU6hY4TRjs
HR009,Lisa,Wright,6516273714,8,Eastside Clinic,hr.lisa.wright@hospital.com,JJQtv7Ixza
HR010,Sarah,Lewis,6103202442,13,Westside Clinic,hr.sarah.lewis@hospital.com,wHrJXgdrD7
