nurse_id,first_name,last_name,phone_number,experience_years,branch,email,password
101,Emma,Smith,6911111111,5,ICU,emma.s@hosp.com,pass_101
102,Liam,Johnson,6911111112,12,ER,liam.j@hosp.com,pass_102
103,Olivia,Williams,6911111113,8,Pediatrics,olivia.w@hosp.com,pass_103
104,Noah,Brown,6911111114,3,Surgery,noah.b@hosp.com,pass_104
105,Ava,Jones,6911111115,20,Oncology,ava.j@hosp.com,pass_105
106,Ethan,Garcia,6911111116,7,Cardiology,ethan.g@hosp.com,pass_106
107,Sophia,Miller,6911111117,15,Neurology,sophia.m@hosp.com,pass_107
108,Mason,Davis,6911111118,2,General,mason.d@hosp.com,pass_108
109,Isabella,Rodriguez,6911111119,10,Maternity,isabella.r@hosp.com,pass_109
110,William,Martinez,6911111120,6,Orthopedics,william.m@hosp.com,pass_110
111,Mia,Hernandez,6911111121,4,Psychiatry,mia.h@hosp.com,pass_111
112,James,Lopez,6911111122,11,ICU,james.l@hosp.com,pass_112
113,Charlotte,Gonzalez,6911111123,9,Dermatology,charlotte.g@hosp.com,pass_113
114,Benjamin,Wilson,6911111124,1,ER,ben.w@hosp.com,pass_114
115,Amelia,Anderson,6911111125,18,Surgery,amelia.a@hosp.com,pass_115
116,Lucas,Thomas,6911111126,14,Cardiology,lucas.t@hosp.com,pass_116
117,Harper,Taylor,6911111127,5,Pediatrics,harper.t@hosp.com,pass_117
118,Henry,Moore,6911111128,13,Oncology,henry.m@hosp.com,pass_118
119,Evelyn,Jackson,6911111129,22,Administration,evelyn.j@hosp.com,pass_119
120,Alexander,Martin,6911111130,4,General,alex.m@hosp.com,pass_120
121,Abigail,Lee,6911111131,7,Radiology,abigail.l@hosp.com,pass_121
122,Daniel,Perez,6911111132,10,ER,daniel.p@hosp.com,pass_122
123,Emily,Thompson,6911111133,3,Maternity,emily.t@hosp.com,pass_123
124,Michael,White,6911111134,9,Neurology,michael.w@hosp.com,pass_124
125,Elizabeth,Harris,6911111135,16,Surgery,liz.h@hosp.com,pass_125
126,Jacob,Sanchez,6911111136,2,Psychiatry,jacob.s@hosp.com,pass_126
127,Sofia,Clark,6911111137,5,Cardiology,sofia.c@hosp.com,pass_127
128,Jackson,Ramirez,6911111138,11,Orthopedics,jackson.r@hosp.com,pass_128
129,Avery,Lewis,6911111139,8,Pediatrics,avery.l@hosp.com,pass_129
130,Sebastian,Robinson,6911111140,14,ICU,seb.r@hosp.com,pass_130
131,Scarlett,Walker,6911111141,6,Oncology,scarlett.w@hosp.com,pass_131
132,Jack,Young,6911111142,4,General,jack.y@hosp.com,pass_132
133,Madison,Allen,6911111143,12,Dermatology,madison.a@hosp.com,pass_133
134,Aiden,King,6911111144,1,ER,aiden.k@hosp.com,pass_134
135,Chloe,Wright,6911111145,19,Administration,chloe.w@hosp.com,pass_135
136,Owen,Scott,6911111146,7,Neurology,owen.s@hosp.com,pass_136
137,Grace,Torres,6911111147,5,Maternity,grace.t@hosp.com,pass_137
138,Samuel,Nguyen,6911111148,10,Surgery,sam.n@hosp.com,pass_138
139,Lily,Hill,6911111149,3,Pediatrics,lily.h@hosp.com,pass_139
140,Matthew,Adams,6911111150,15,ICU,matt.a@hosp.com,pass_140
141,Aria,Nelson,6911111151,4,General,aria.n@hosp.com,pass_141
142,David,Baker,6911111152,11,ER,david.b@hosp.com,pass_142
143,Audrey,Hall,6911111153,8,Cardiology,audrey.h@hosp.com,pass_143
144,Joseph,Rivera,6911111154,13,Neurology,joe.r@hosp.com,pass_144
145,Hannah,Campbell,6911111155,2,Psychiatry,hannah.c@hosp.com,pass_145
146,Luke,Mitchell,6911111156,6,Oncology,luke.m@hosp.com,pass_146
147,Zoey,Carter,6911111157,9,Dermatology,zoey.c@hosp.com,pass_147
148,Gabriel,Roberts,6911111158,1,Surgery,gabe.r@hosp.com,pass_148
149,Nora,Gomez,6911111159,17,Maternity,nora.g@hosp.com,pass_149
150,Isaac,Phillips,6911111160,5,ICU,isaac.p@hosp.com,pass_150
